<?xml version="1.0" encoding="UTF-8"?>
<!DOCTYPE hibernate-configuration PUBLIC
        "-//Hibernate/Hibernate Configuration DTD 3.0//EN"
        "http://hibernate.org/dtd/hibernate-configuration-3.0.dtd">
<hibernate-configuration>
    <session-factory>
        <!--<property name="connection.driver_class">org.h2.Driver</property>-->
        <!--<property name="connection.url">jdbc:h2:mem:test;DB_CLOSE_DELAY=-1</property>-->
        <!--<property name="dialect">org.hibernate.dialect.H2Dialect</property>-->
        <property name="hibernate.connection.driver_class">com.mysql.cj.jdbc.Driver</property>
        <property name="hibernate.connection.url">jdbc:mysql://db4free.net:3306/examquiz?useSSL=false</property>
        <property name="hibernate.connection.username">examquiz</property>
        <property name="hibernate.connection.password">l0bzikas</property>
        <property name="hibernate.dialect">org.hibernate.dialect.MySQLDialect</property>
        <property name="hibernate.current_session_context_class">thread</property>
        <property name="hibernate.show_sql">true</property>
        <property name="hibernate.generate_statistics">true</property>
        <property name="hibernate.cache.use_structured_entries">true</property>

        <!-- POOL MANAGEMENT -->
        <property name="hibernate.c3p0.min_size">1</property>
        <property name="hibernate.c3p0.max_size">2</property>

        <!--CACHE CONFIG-->
        <property name="hibernate.cache.region.factory_class">org.hibernate.cache.jcache.JCacheRegionFactory</property>
        <property name="hibernate.javax.cache.provider">org.ehcache.jsr107.EhcacheCachingProvider</property>
        <property name="hibernate.cache.use_second_level_cache">true</property>
        <property name="hibernate.javax.cache.missing_cache_strategy">create</property>
        <property name="hibernate.cache.use_query_cache">true</property>
        <property name="net.sf.ehcache.configurationResourceName">/ehcacheconfig.xml</property>

        <!--MAPPING-->
        <property name="hbm2ddl.auto">create-drop</property>
        <property name="hibernate.hbm2ddl.import_files">sql/tables.sql</property>
    </session-factory>
</hibernate-configuration>