<?xml version="1.0" encoding="UTF-8" ?>
<!DOCTYPE log4j:configuration SYSTEM "log4j.dtd">
<log4j:configuration xmlns:log4j='http://jakarta.apache.org/log4j/'
                     debug="false">

    <appender name="console" class="org.apache.log4j.ConsoleAppender">
        <layout class="org.apache.log4j.PatternLayout">
            <param name="ConversionPattern"
                   value="%d{yyyy-MM-dd HH:mm:ss} %-5p %c{1}:%L - %m%n"/>
        </layout>
    </appender>

    <category name="com.applogger">
        <priority value="APPLOGGER" class="com.codeacademy.hibernatetutorial.AppLogger"/>
        <appender-ref ref="console"/>
    </category>

    <root>
        <level value="WARN"/>
        <appender-ref ref="console"/>
    </root>
</log4j:configuration>