[
  {
    "pavadinimas": "Kihn LLC",
    "imonesKodas": "B000A4RJ8C",
    "darbuotojuSk": 464,
    "vidutinisAtlyginimas": 2460.0
  },
  {
    "pavadinimas": "Hodkiewicz, Walter and Parker",
    "imonesKodas": "B0002GLP6K",
    "darbuotojuSk": 349,
    "vidutinisAtlyginimas": 2805.0
  },
  {
    "pavadinimas": "Koelpin, Walter and Aufderhar",
    "imonesKodas": "B0000DEC3S",
    "darbuotojuSk": 194,
    "vidutinisAtlyginimas": 705.0
  },
  {
    "pavadinimas": "Grimes-Bernier",
    "imonesKodas": "B000GTFRX0",
    "darbuotojuSk": 91,
    "vidutinisAtlyginimas": 2425.0
  },
  {
    "pavadinimas": "Considine, Homenick and Smith",
    "imonesKodas": "B000NG1GKO",
    "darbuotojuSk": 143,
    "vidutinisAtlyginimas": 2638.0
  },
  {
    "pavadinimas": "Reichel-Wisozk",
    "imonesKodas": "B0000DGITY",
    "darbuotojuSk": 113,
    "vidutinisAtlyginimas": 1353.0
  },
  {
    "pavadinimas": "Dietrich LLC",
    "imonesKodas": "B000KGCZ8O",
    "darbuotojuSk": 431,
    "vidutinisAtlyginimas": 625.0
  },
  {
    "pavadinimas": "Wunsch Group",
    "imonesKodas": "B000HC0P2E",
    "darbuotojuSk": 465,
    "vidutinisAtlyginimas": 1945.0
  },
  {
    "pavadinimas": "O'Conner, Rempel and Bartell",
    "imonesKodas": "B000ALH1DI",
    "darbuotojuSk": 338,
    "vidutinisAtlyginimas": 560.0
  },
  {
    "pavadinimas": "Stark, Kassulke and Schuppe",
    "imonesKodas": "B0000AJDKF",
    "darbuotojuSk": 234,
    "vidutinisAtlyginimas": 1120.0
  },
  {
    "pavadinimas": "Klein Inc",
    "imonesKodas": "B000I6VJ7O",
    "darbuotojuSk": 408,
    "vidutinisAtlyginimas": 2267.0
  },
  {
    "pavadinimas": "Padberg-Blick",
    "imonesKodas": "B000II6WOW",
    "darbuotojuSk": 128,
    "vidutinisAtlyginimas": 1112.0
  },
  {
    "pavadinimas": "Rippin LLC",
    "imonesKodas": "B000BJ5JHE",
    "darbuotojuSk": 222,
    "vidutinisAtlyginimas": 2097.0
  },
  {
    "pavadinimas": "Barrows-Bahringer",
    "imonesKodas": "B0002GL2BS",
    "darbuotojuSk": 101,
    "vidutinisAtlyginimas": 1757.0
  },
  {
    "pavadinimas": "Romaguera, Mraz and Maggio",
    "imonesKodas": "B000BPGAOE",
    "darbuotojuSk": 423,
    "vidutinisAtlyginimas": 2021.0
  },
  {
    "pavadinimas": "O'Reilly-McCullough",
    "imonesKodas": "B000J42NY8",
    "darbuotojuSk": 98,
    "vidutinisAtlyginimas": 778.0
  },
  {
    "pavadinimas": "Wiegand Group",
    "imonesKodas": "B00067PKPM",
    "darbuotojuSk": 448,
    "vidutinisAtlyginimas": 1795.0
  },
  {
    "pavadinimas": "Rodriguez-Senger",
    "imonesKodas": "B000BPHSLS",
    "darbuotojuSk": 267,
    "vidutinisAtlyginimas": 2469.0
  },
  {
    "pavadinimas": "Spinka LLC",
    "imonesKodas": "B000KBAL6W",
    "darbuotojuSk": 259,
    "vidutinisAtlyginimas": 2585.0
  },
  {
    "pavadinimas": "Berge-Will",
    "imonesKodas": "B000BIWQNA",
    "darbuotojuSk": 257,
    "vidutinisAtlyginimas": 2809.0
  },
  {
    "pavadinimas": "Rath, Gerlach and Homenick",
    "imonesKodas": "B000NKUUKW",
    "darbuotojuSk": 400,
    "vidutinisAtlyginimas": 1634.0
  },
  {
    "pavadinimas": "Bechtelar-Hilll",
    "imonesKodas": "B000A3T33M",
    "darbuotojuSk": 302,
    "vidutinisAtlyginimas": 1462.0
  },
  {
    "pavadinimas": "Pacocha, Kunde and Romaguera",
    "imonesKodas": "B000ARBM9G",
    "darbuotojuSk": 380,
    "vidutinisAtlyginimas": 954.0
  },
  {
    "pavadinimas": "Farrell-Kutch",
    "imonesKodas": "B0002RTXMM",
    "darbuotojuSk": 301,
    "vidutinisAtlyginimas": 2139.0
  },
  {
    "pavadinimas": "Marvin, Heathcote and Bednar",
    "imonesKodas": "B000A6Y8AW",
    "darbuotojuSk": 178,
    "vidutinisAtlyginimas": 1077.0
  },
  {
    "pavadinimas": "Farrell Inc",
    "imonesKodas": "B00024VYL8",
    "darbuotojuSk": 390,
    "vidutinisAtlyginimas": 764.0
  },
  {
    "pavadinimas": "Anderson Inc",
    "imonesKodas": "B0002X4OIY",
    "darbuotojuSk": 436,
    "vidutinisAtlyginimas": 1760.0
  },
  {
    "pavadinimas": "Stracke LLC",
    "imonesKodas": "B000BHP2LO",
    "darbuotojuSk": 196,
    "vidutinisAtlyginimas": 631.0
  },
  {
    "pavadinimas": "Balistreri-Mayert",
    "imonesKodas": "B000AM6Z7K",
    "darbuotojuSk": 351,
    "vidutinisAtlyginimas": 696.0
  },
  {
    "pavadinimas": "Zemlak-Dicki",
    "imonesKodas": "B00065E4WY",
    "darbuotojuSk": 86,
    "vidutinisAtlyginimas": 1862.0
  },
  {
    "pavadinimas": "O'Kon and Sons",
    "imonesKodas": "B000JMIRRC",
    "darbuotojuSk": 399,
    "vidutinisAtlyginimas": 2801.0
  },
  {
    "pavadinimas": "Cremin-Wisozk",
    "imonesKodas": "B00000AYGE",
    "darbuotojuSk": 165,
    "vidutinisAtlyginimas": 2024.0
  },
  {
    "pavadinimas": "Kihn, Reichel and Marks",
    "imonesKodas": "B000HBXMHK",
    "darbuotojuSk": 325,
    "vidutinisAtlyginimas": 1013.0
  },
  {
    "pavadinimas": "Turcotte, Williamson and Davis",
    "imonesKodas": "B0000DGTOF",
    "darbuotojuSk": 383,
    "vidutinisAtlyginimas": 1876.0
  },
  {
    "pavadinimas": "Nader-Dietrich",
    "imonesKodas": "B000O332KS",
    "darbuotojuSk": 449,
    "vidutinisAtlyginimas": 911.0
  },
  {
    "pavadinimas": "Gleason-Ward",
    "imonesKodas": "B00097DN12",
    "darbuotojuSk": 464,
    "vidutinisAtlyginimas": 1481.0
  },
  {
    "pavadinimas": "Hilpert-Pacocha",
    "imonesKodas": "B0000DHBRP",
    "darbuotojuSk": 134,
    "vidutinisAtlyginimas": 1162.0
  },
  {
    "pavadinimas": "Willms-Bechtelar",
    "imonesKodas": "B0002X4OIY",
    "darbuotojuSk": 56,
    "vidutinisAtlyginimas": 1624.0
  },
  {
    "pavadinimas": "Gibson-O'Hara",
    "imonesKodas": "B000IT4T9Q",
    "darbuotojuSk": 134,
    "vidutinisAtlyginimas": 2583.0
  },
  {
    "pavadinimas": "Satterfield-Klein",
    "imonesKodas": "B0002BXBEY",
    "darbuotojuSk": 82,
    "vidutinisAtlyginimas": 569.0
  },
  {
    "pavadinimas": "Wilderman LLC",
    "imonesKodas": "B0009IOFWC",
    "darbuotojuSk": 453,
    "vidutinisAtlyginimas": 2602.0
  },
  {
    "pavadinimas": "Glover Group",
    "imonesKodas": "B0002SUQUY",
    "darbuotojuSk": 265,
    "vidutinisAtlyginimas": 2350.0
  },
  {
    "pavadinimas": "Prosacco-Champlin",
    "imonesKodas": "B000E5GB3Q",
    "darbuotojuSk": 443,
    "vidutinisAtlyginimas": 2199.0
  },
  {
    "pavadinimas": "Tromp, Cummerata and Gerhold",
    "imonesKodas": "B000HW5FFG",
    "darbuotojuSk": 88,
    "vidutinisAtlyginimas": 1032.0
  },
  {
    "pavadinimas": "Schmitt-Auer",
    "imonesKodas": "B0000DHCHM",
    "darbuotojuSk": 58,
    "vidutinisAtlyginimas": 1849.0
  },
  {
    "pavadinimas": "Kreiger Inc",
    "imonesKodas": "B000CR7COI",
    "darbuotojuSk": 445,
    "vidutinisAtlyginimas": 2343.0
  },
  {
    "pavadinimas": "Brekke-Beer",
    "imonesKodas": "B000JKKCMW",
    "darbuotojuSk": 218,
    "vidutinisAtlyginimas": 750.0
  },
  {
    "pavadinimas": "Legros-Mueller",
    "imonesKodas": "B000GT8JQC",
    "darbuotojuSk": 393,
    "vidutinisAtlyginimas": 613.0
  },
  {
    "pavadinimas": "Gaylord, Wuckert and Tromp",
    "imonesKodas": "B00004YKMI",
    "darbuotojuSk": 52,
    "vidutinisAtlyginimas": 774.0
  },
  {
    "pavadinimas": "Bergstrom-Koss",
    "imonesKodas": "B000I6S5NU",
    "darbuotojuSk": 96,
    "vidutinisAtlyginimas": 1878.0
  },
  {
    "pavadinimas": "Conn, Prohaska and Marquardt",
    "imonesKodas": "B000BJ8TIA",
    "darbuotojuSk": 490,
    "vidutinisAtlyginimas": 1602.0
  },
  {
    "pavadinimas": "Rohan LLC",
    "imonesKodas": "B000Q6Y34W",
    "darbuotojuSk": 394,
    "vidutinisAtlyginimas": 1796.0
  },
  {
    "pavadinimas": "Conroy LLC",
    "imonesKodas": "B000AMNV8G",
    "darbuotojuSk": 142,
    "vidutinisAtlyginimas": 2801.0
  },
  {
    "pavadinimas": "Smitham Inc",
    "imonesKodas": "B0006628FS",
    "darbuotojuSk": 428,
    "vidutinisAtlyginimas": 2689.0
  },
  {
    "pavadinimas": "Conroy-Trantow",
    "imonesKodas": "B000HBXMHK",
    "darbuotojuSk": 153,
    "vidutinisAtlyginimas": 806.0
  },
  {
    "pavadinimas": "Spencer-Veum",
    "imonesKodas": "B000A1AQWQ",
    "darbuotojuSk": 228,
    "vidutinisAtlyginimas": 2866.0
  },
  {
    "pavadinimas": "Quitzon Inc",
    "imonesKodas": "B000AA5SMU",
    "darbuotojuSk": 207,
    "vidutinisAtlyginimas": 1686.0
  },
  {
    "pavadinimas": "Grady-Brakus",
    "imonesKodas": "B000A2T37E",
    "darbuotojuSk": 333,
    "vidutinisAtlyginimas": 2104.0
  },
  {
    "pavadinimas": "Durgan and Sons",
    "imonesKodas": "B000BJ0Z50",
    "darbuotojuSk": 115,
    "vidutinisAtlyginimas": 1904.0
  },
  {
    "pavadinimas": "Fadel-Brekke",
    "imonesKodas": "B000A6WENA",
    "darbuotojuSk": 211,
    "vidutinisAtlyginimas": 541.0
  },
  {
    "pavadinimas": "Klocko-Ankunding",
    "imonesKodas": "B0000DGFW7",
    "darbuotojuSk": 300,
    "vidutinisAtlyginimas": 2777.0
  },
  {
    "pavadinimas": "McLaughlin Inc",
    "imonesKodas": "B00026IESC",
    "darbuotojuSk": 190,
    "vidutinisAtlyginimas": 1970.0
  },
  {
    "pavadinimas": "Jaskolski, Trantow and Mraz",
    "imonesKodas": "B000KU5ELA",
    "darbuotojuSk": 432,
    "vidutinisAtlyginimas": 579.0
  },
  {
    "pavadinimas": "Schaefer-Skiles",
    "imonesKodas": "B000ALJYO2",
    "darbuotojuSk": 336,
    "vidutinisAtlyginimas": 1817.0
  },
  {
    "pavadinimas": "Schoen-Stroman",
    "imonesKodas": "B0000W46R6",
    "darbuotojuSk": 400,
    "vidutinisAtlyginimas": 2501.0
  },
  {
    "pavadinimas": "Olson-Stehr",
    "imonesKodas": "B000A4YC14",
    "darbuotojuSk": 227,
    "vidutinisAtlyginimas": 725.0
  },
  {
    "pavadinimas": "Jacobs Inc",
    "imonesKodas": "B00012FB6K",
    "darbuotojuSk": 439,
    "vidutinisAtlyginimas": 2701.0
  },
  {
    "pavadinimas": "Jones and Sons",
    "imonesKodas": "B000BX5BBY",
    "darbuotojuSk": 407,
    "vidutinisAtlyginimas": 2763.0
  },
  {
    "pavadinimas": "Smitham and Sons",
    "imonesKodas": "B0000AATPM",
    "darbuotojuSk": 115,
    "vidutinisAtlyginimas": 627.0
  },
  {
    "pavadinimas": "Ritchie-Marks",
    "imonesKodas": "B000HBXMHK",
    "darbuotojuSk": 388,
    "vidutinisAtlyginimas": 2469.0
  },
  {
    "pavadinimas": "Wisozk-Upton",
    "imonesKodas": "B0000VAA8G",
    "darbuotojuSk": 493,
    "vidutinisAtlyginimas": 2178.0
  },
  {
    "pavadinimas": "Gutmann-Leffler",
    "imonesKodas": "B000BUYO60",
    "darbuotojuSk": 315,
    "vidutinisAtlyginimas": 2848.0
  },
  {
    "pavadinimas": "King-Breitenberg",
    "imonesKodas": "B000A3K6TM",
    "darbuotojuSk": 403,
    "vidutinisAtlyginimas": 964.0
  },
  {
    "pavadinimas": "Casper-Harris",
    "imonesKodas": "B000GWGMP4",
    "darbuotojuSk": 66,
    "vidutinisAtlyginimas": 943.0
  },
  {
    "pavadinimas": "Cassin, Stark and Bashirian",
    "imonesKodas": "B0000VG5MG",
    "darbuotojuSk": 264,
    "vidutinisAtlyginimas": 2622.0
  },
  {
    "pavadinimas": "Kreiger, Spencer and Anderson",
    "imonesKodas": "B000JTDF6I",
    "darbuotojuSk": 199,
    "vidutinisAtlyginimas": 2691.0
  },
  {
    "pavadinimas": "Bashirian, Rempel and Hintz",
    "imonesKodas": "B000I6VAU0",
    "darbuotojuSk": 223,
    "vidutinisAtlyginimas": 1255.0
  },
  {
    "pavadinimas": "Boyle, Ortiz and Haag",
    "imonesKodas": "B000HCTRK0",
    "darbuotojuSk": 400,
    "vidutinisAtlyginimas": 1611.0
  },
  {
    "pavadinimas": "Jacobson LLC",
    "imonesKodas": "B000BHE134",
    "darbuotojuSk": 130,
    "vidutinisAtlyginimas": 1153.0
  },
  {
    "pavadinimas": "Spencer Group",
    "imonesKodas": "B0000DHDW3",
    "darbuotojuSk": 213,
    "vidutinisAtlyginimas": 2638.0
  },
  {
    "pavadinimas": "Metz-Legros",
    "imonesKodas": "B000AR9G7G",
    "darbuotojuSk": 228,
    "vidutinisAtlyginimas": 1483.0
  },
  {
    "pavadinimas": "Jakubowski, Sawayn and Lemke",
    "imonesKodas": "B000A3T33M",
    "darbuotojuSk": 472,
    "vidutinisAtlyginimas": 2139.0
  },
  {
    "pavadinimas": "Treutel LLC",
    "imonesKodas": "B000G1CIH6",
    "darbuotojuSk": 200,
    "vidutinisAtlyginimas": 879.0
  },
  {
    "pavadinimas": "Nolan-Yost",
    "imonesKodas": "B000PGCLWY",
    "darbuotojuSk": 96,
    "vidutinisAtlyginimas": 2252.0
  },
  {
    "pavadinimas": "Senger and Sons",
    "imonesKodas": "B000II6WOW",
    "darbuotojuSk": 380,
    "vidutinisAtlyginimas": 2421.0
  },
  {
    "pavadinimas": "Dickens-Hauck",
    "imonesKodas": "B0000DYXE0",
    "darbuotojuSk": 492,
    "vidutinisAtlyginimas": 1050.0
  },
  {
    "pavadinimas": "Howe-Leannon",
    "imonesKodas": "B0009IT5P4",
    "darbuotojuSk": 71,
    "vidutinisAtlyginimas": 2714.0
  },
  {
    "pavadinimas": "Carroll-Walker",
    "imonesKodas": "B0000DYX4V",
    "darbuotojuSk": 264,
    "vidutinisAtlyginimas": 2453.0
  },
  {
    "pavadinimas": "Klocko, Tremblay and Casper",
    "imonesKodas": "B000BSH87O",
    "darbuotojuSk": 173,
    "vidutinisAtlyginimas": 1493.0
  },
  {
    "pavadinimas": "Mayer-Corwin",
    "imonesKodas": "B000ILNR10",
    "darbuotojuSk": 320,
    "vidutinisAtlyginimas": 2841.0
  },
  {
    "pavadinimas": "Emard, Haag and Kerluke",
    "imonesKodas": "B000GPWOLW",
    "darbuotojuSk": 208,
    "vidutinisAtlyginimas": 2969.0
  },
  {
    "pavadinimas": "Mayert-Kiehn",
    "imonesKodas": "B000F8MENI",
    "darbuotojuSk": 362,
    "vidutinisAtlyginimas": 1861.0
  },
  {
    "pavadinimas": "Gislason, Hahn and Morar",
    "imonesKodas": "B000N5FYNK",
    "darbuotojuSk": 434,
    "vidutinisAtlyginimas": 2254.0
  },
  {
    "pavadinimas": "Murphy Group",
    "imonesKodas": "B000F8MENI",
    "darbuotojuSk": 258,
    "vidutinisAtlyginimas": 1704.0
  },
  {
    "pavadinimas": "Haag-Pacocha",
    "imonesKodas": "B000AADDGS",
    "darbuotojuSk": 146,
    "vidutinisAtlyginimas": 2235.0
  },
  {
    "pavadinimas": "White-Russel",
    "imonesKodas": "B00067PA2U",
    "darbuotojuSk": 250,
    "vidutinisAtlyginimas": 2504.0
  },
  {
    "pavadinimas": "Hoeger Group",
    "imonesKodas": "B0000D1DW1",
    "darbuotojuSk": 215,
    "vidutinisAtlyginimas": 2558.0
  },
  {
    "pavadinimas": "Rippin LLC",
    "imonesKodas": "B0002STO02",
    "darbuotojuSk": 259,
    "vidutinisAtlyginimas": 2034.0
  },
  {
    "pavadinimas": "Ernser, Gulgowski and Brekke",
    "imonesKodas": "B0000W47PC",
    "darbuotojuSk": 384,
    "vidutinisAtlyginimas": 2078.0
  },
  {
    "pavadinimas": "Schmeler, Schmitt and Grant",
    "imonesKodas": "B000BMHOVU",
    "darbuotojuSk": 240,
    "vidutinisAtlyginimas": 979.0
  }
]