<Configuration status="WARN">

    <Appenders>
        <Console name="Console" target="SYSTEM_OUT">
            <PatternLayout pattern="%d{HH:mm:ss.SSS} [%t] %-5level %logger{36} - %msg%n"/>
        </Console>
        <File name="File" fileName="Application.log">
            <PatternLayout pattern="%d{HH:mm:ss.SSS} [%t] %-5level %logger{36} - %msg%n"/>
        </File>
    </Appenders>

    <Loggers>
        <Root level="info">
            <AppenderRef ref="Console"/>
            <AppenderRef ref="File"/>
        </Root>
    </Loggers>

</Configuration>